<?xml version="1.0" encoding="UTF-8"?>
<!--
  ~ Copyright (c) 2016, WSO2 Inc. (http://www.wso2.org) All Rights Reserved.
  ~
  ~ WSO2 Inc. licenses this file to you under the Apache License,
  ~ Version 2.0 (the "License"); you may not use this file except
  ~ in compliance with the License.
  ~ You may obtain a copy of the License at
  ~
  ~    http://www.apache.org/licenses/LICENSE-2.0
  ~
  ~ Unless required by applicable law or agreed to in writing,
  ~ software distributed under the License is distributed on an
  ~ "AS IS" BASIS, WITHOUT WARRANTIES OR CONDITIONS OF ANY
  ~ KIND, either express or implied.  See the License for the
  ~ specific language governing permissions and limitations
  ~ under the License.
  -->
<component name="listAndListItems" type="synapse/template">
    <subComponents>
        <component name="createList">
            <file>createList.xml</file>
            <description>Create a List.</description>
        </component>
        <component name="retriveLists">
            <file>retriveLists.xml</file>
            <description>Retrieves all the Lists in the site.</description>
        </component>
        <component name="getListById">
            <file>getListById.xml</file>
            <description>Retrieves a List by List GUID.</description>
        </component>
        <component name="getListByTitle">
            <file>getListByTitle.xml</file>
            <description>Retrieves a List by List title.</description>
        </component>
        <component name="deleteList">
            <file>deleteList.xml</file>
            <description>Delete a list.</description>
        </component>
        <component name="retriveListItems">
            <file>retriveListItems.xml</file>
            <description>Retrieves all the Lists items in the list.</description>
        </component>
        <component name="createListItem">
            <file>createListItem.xml</file>
            <description>Create a list item.</description>
        </component>
        <component name="updateList">
            <file>updateList.xml</file>
            <description>Update a List.</description>
        </component>
        <component name="getItemById">
            <file>getItemById.xml</file>
            <description>Retrieves List item with specified ID.</description>
        </component>
        <component name="deleteListItem">
            <file>deleteListItem.xml</file>
            <description>Delete a List Item.</description>
        </component>
        <component name="updateListItems">
            <file>updateListItems.xml</file>
            <description>Update a List Item.</description>
        </component>
        <component name="createCustomListItem">
            <file>createCustomListItem.xml</file>
            <description>Creates dynamic List Item.</description>
        </component>
    </subComponents>
</component>


