<?xml version="1.0" encoding="UTF-8"?>
<!--
  ~ Copyright (c) 2016, WSO2 Inc. (http://www.wso2.org) All Rights Reserved.
  ~
  ~ WSO2 Inc. licenses this file to you under the Apache License,
  ~ Version 2.0 (the "License"); you may not use this file except
  ~ in compliance with the License.
  ~ You may obtain a copy of the License at
  ~
  ~    http://www.apache.org/licenses/LICENSE-2.0
  ~
  ~ Unless required by applicable law or agreed to in writing,
  ~ software distributed under the License is distributed on an
  ~ "AS IS" BASIS, WITHOUT WARRANTIES OR CONDITIONS OF ANY
  ~ KIND, either express or implied.  See the License for the
  ~ specific language governing permissions and limitations
  ~ under the License.
  -->
<template name="createCustomListItem" xmlns="http://ws.apache.org/ns/synapse">
    <parameter name="customListItems" description="The list of items to be created."/>
    <parameter name="type" description="Type use when constructing the metadata variable."/>
    <parameter name="listTitle" description="The title of the list to create list item."/>
    <sequence>
        <property name="uri.var.customListItems" expression="$func:customListItems"/>
        <property name="uri.var.listTitle" expression="$func:listTitle"/>
        <property name="uri.var.type" expression="$func:type"/>
        <property name="uri.var.blocking" expression="$ctx:sharepointBlocking"/>
        <script language="js"><![CDATA[
            var customListItems=mc.getProperty('uri.var.customListItems');
            var blocking=mc.getProperty('uri.var.blocking');
            var payload= '{"__metadata": { "type":';
            var type= mc.getProperty('uri.var.type');
            payload = payload.concat('"').concat(type).concat('"').concat('},');
            if (customListItems != null && customListItems != "") {
                var obj = eval ("(" + customListItems + ")");
                var listItems = "";
                 if( blocking == "true") {
                    listItems = customListItems.toString().substring(1, customListItems.toString().lastIndexOf("}"));
                    payload = payload.concat(listItems).concat("}");
                    mc.setPayloadJSON(payload);
                 } else {
                    for(var key in obj) {
                     listItems += "'" + key + "':'" + obj[key] + "',";
                    }
                    listItems = listItems.toString().substring(0, listItems.toString().lastIndexOf(","));
                    mc.setProperty('uri.var.customListItems', listItems);
                 }
            }
            ]]>
        </script>
        <property name="messageType" value="application/json;odata=verbose" scope="axis2"/>
        <property action="remove" name="Accept-Encoding" scope="transport"/>
        <filter source="$ctx:sharepointBlocking" regex="true">
            <then>
                <property name="Content-Type" value="application/json;odata=verbose" scope="transport"/>
                <call blocking="true">
                    <endpoint>
                        <http method="post"
                              uri-template="{uri.var.apiUrl}/_api/web/lists/GetByTitle('{uri.var.listTitle}')/items"/>
                    </endpoint>
                </call>
            </then>
            <else>
                <payloadFactory media-type="json">
                    <format>
                        {
                        "__metadata": { "type":"$1" },
                        $2
                        }
                    </format>
                    <args>
                        <arg expression="$ctx:uri.var.type"/>
                        <arg expression="get-property('uri.var.customListItems')"/>
                    </args>
                </payloadFactory>
                <property name="messageType" value="application/json;odata=verbose" scope="axis2"/>
                <property name="Content-Type" value="application/json;odata=verbose" scope="transport"/>
                <property action="remove" name="Accept-Encoding" scope="transport"/>
                <call>
                    <endpoint>
                        <http method="post"
                              uri-template="{uri.var.apiUrl}/_api/web/lists/GetByTitle('{uri.var.listTitle}')/items"/>
                    </endpoint>
                </call>
            </else>
        </filter>
        <!-- Remove custom Headers from the API Response -->
        <header name="X-Frame-Options" action="remove" scope="transport"/>
        <header name="Strict-Transport-Security" action="remove" scope="transport"/>
        <header name="RequestId" action="remove" scope="transport"/>
        <header name="X-Content-Type-Options" action="remove" scope="transport"/>
        <header name="OData-Version" action="remove" scope="transport"/>
        <header name="Cache-Control" action="remove" scope="transport"/>
    </sequence>
</template>